sep=,
title,outcomeKpi,priority,startDate,endDate,picEmail
"Kickoff koordinasi merchant onboarding kloter 1 binaan UMKM 2026","Daftar 100 UMKM kloter 1 terverifikasi & PIC pendamping siap",HIGH,2026-09-21,2026-09-21,dimas.sobat@promap.id
"Kurasi awal kelayakan foto produk & deskripsi katalog UMKM","50 SKU produk lolos standar visual & spesifikasi katalog",HIGH,2026-09-21,2026-09-21,dimas.sobat@promap.id
"Finalisasi silabus materi pelatihan digital marketing & live commerce","Modul training 3 sesi rampung beserta lembar kerja merchant",MEDIUM,2026-09-21,2026-09-21,dewi.sobat@promap.id
"Review kesiapan integrasi merchant sandbox payment gateway QRIS & VA","Testing simulasi transaksi sandbox sukses tanpa kendala teknis",MEDIUM,2026-09-21,2026-09-21,siti.sobat@promap.id
"Pembuatan akun merchant & verifikasi data legalitas NIB 40 UMKM","40 merchant aktif terdaftar di portal katalog digital",HIGH,2026-09-22,2026-09-22,dimas.sobat@promap.id
"Upload batch foto & penetapan harga diskon kemitraan UMKM","120 varian produk tayang live dengan format layout seragam",HIGH,2026-09-22,2026-09-22,dimas.sobat@promap.id
"Penyusunan jadwal webinar onboarding digital marketing gelombang 1","Undangan tersiar ke 80 merchant dan konfirmasi kehadiran > 90%",MEDIUM,2026-09-22,2026-09-22,dewi.sobat@promap.id
"Penyelarasan SOP komisi kemitraan & pencairan dana merchant","Dokumen SLA settlement H+1 disepakati finance & merchant",MEDIUM,2026-09-22,2026-09-22,siti.sobat@promap.id
"Pelaksanaan sesi webinar digital marketing: Optimasi Copywriting & Konten","65 merchant hadir aktif & praktik pembuatan caption produk",HIGH,2026-09-23,2026-09-23,dewi.sobat@promap.id
"Setup banner promo katalog digital UMKM di beranda aplikasi","Banner promosi katalog live dengan link kampanye aktif",MEDIUM,2026-09-23,2026-09-23,dimas.sobat@promap.id
"Verifikasi teknis aktivasi QRIS statis & dinamis 30 merchant baru","30 merchant siap menerima pembayaran QRIS nasional",HIGH,2026-09-23,2026-09-23,dewi.sobat@promap.id
"Monitoring response time customer service bantuan onboarding merchant","Tiket kendala merchant tertangani < 15 menit rata-rata",LOW,2026-09-23,2026-09-23,siti.sobat@promap.id
"Pendampingan intensif merchant unggulan kategori F&B dan Kriya","15 UMKM unggulan menyelesaikan setup 100% katalog & promo",HIGH,2026-09-24,2026-09-24,dimas.sobat@promap.id
"Pelatihan integrasi automated order WhatsApp & notifikasi payment","Merchant paham alur order otomatis tanpa human-error order",MEDIUM,2026-09-24,2026-09-24,anisa.sobat@promap.id
"Uji coba transaksi end-to-end katalog bersama 5 merchant pilot","Zero bug alur checkout, payment split, dan invoice PDF",HIGH,2026-09-24,2026-09-24,dimas.sobat@promap.id
"Koordinasi rencana kolaborasi kemitraan bersama agregator logistik","Draft diskon ongkir 20% bagi merchant katalog disepakati",MEDIUM,2026-09-24,2026-09-24,siti.sobat@promap.id
"Peluncuran kampanye media sosial: Bangga Beli Produk Lokal UMKM 2026","Jangkauan kampanye > 10.000 impresi & trafik katalog +40%",HIGH,2026-09-25,2026-09-25,anisa.sobat@promap.id
"Audit kepatuhan data merchant & kelengkapan izin edar pangan UMKM","100% produk makanan berizin PIRT/Halal terdata valid",HIGH,2026-09-25,2026-09-25,dimas.sobat@promap.id
"Rekapitulasi volume transaksi hari pertama kampanye katalog digital","Data transaksi tercatat rapi di dashboard analitik penjualan",MEDIUM,2026-09-25,2026-09-25,dewi.sobat@promap.id
"Evaluasi kepuasan merchant terhadap proses onboarding digital 2026","Skor CSAT onboarding merchant minimal 4.6 dari 5.0",LOW,2026-09-25,2026-09-25,siti.sobat@promap.id
"Review performa mingguan onboarding produk UMKM katalog 2026","Target 100 produk UMKM teronboarding pekan ini tercapai 100%",HIGH,2026-09-26,2026-09-26,dimas.sobat@promap.id
"Penyusunan laporan konversi traffic pelatihan digital marketing merchant","Laporan efektivitas training & retention merchant tersusun",MEDIUM,2026-09-26,2026-09-26,dewi.sobat@promap.id
"Persiapan data merchant & kurasi produk untuk onboarding pekan depan","Database 100 calon merchant kloter 2 siap dihubungi Senin depan",MEDIUM,2026-09-26,2026-09-26,dimas.sobat@promap.id
"Retrospektif mingguan divisi & evaluasi SLA dukungan teknis kemitraan","Dokumentasi evaluasi mingguan & target pekan ke-2 disahkan",LOW,2026-09-26,2026-09-26,siti.sobat@promap.id
